"Sterling Silver Dangle Ball Earrings w/ Brilliant Cut CZ Stones & Yellow Topaz-colored Crystal Balls, 1"" (26 mm) tall"
ALTERNATOR FREIGHTLINER FL FLC 112 120 FLD 112 120 M2 BY 110-555PRM 110-555P 110-910 110-555PRM
Disc Brake Rotor-Advanced Technology Rear Raybestos 980368
Coquette Neon Pink Ruffle Babydoll 7035 Neon Pink One Size Fits All
12V 7Ah (SPS Brand) APC NS3000RMT3U Replacement Battery ( 4  Pack)
Honda Ridgeline 2006-08 Black Radio AM FM 6 Disc CD PN 39100-SJC-A100 Face 3TS1
Morris Costumes SS88229 Rat Pumpkin Push In
Benzara Alphabet Sculpture ''and '' Sign Polished Silver Finish Silver
"Ana Silver Co Rainbow Moonstone Earrings 2 1/4"" (925 Sterling Silver) - Handmade Jewelry EARR346812"
Kiehl's Creme de Corps Whipped Body Butter - Soy Milk & Honey 8oz (226ml)
Ernie Ball Music Man StingRay Trem Maple Fingerboard Electric Guitar Ivory White
Mobius Compression Knee Sleeves Black XL
TK Classics Venice 10-Piece Outdoor Wicker Sectional Sofa Set
New CDI Module 1988-97 Honda VLX600 Transalp, 30410-MS8-610, ESP1553
Skilcraft Composition Board Clipboard - 9 X 12.5 - Hardboard - Brown (NSN2815918)
Frankford Arsenal Platinum Series Case Prep Essentials Kit
Southern Prelude Minuet (Trombone, Baritone Trumpet Piano) Southern Music Series Richard Powell
Pc Wholesale Exclusive Hp Sourcing 300gb-10krpm-sas Hdd - 492620-B21
Deflecta-Shield Aluminum 9100T Aluminum Cross Box Aluminum Cross Box; 70.5 in.;
Zodaca Crystal Mens Wedding Party Gift Cufflinks + Simple Slashes Silver Tie Clip
