4481	Merano MV830 4/4 Size Antique Finish Flamed One Piece Back Concert Violin
4481	Cremona SV-75 Premier Novice Series Violin Outfit Level 3 3/4 Outfit 190839011114
4481	Merano MV400GR 1/10 Size Hand Made Solid Wood Ebony Fitted Green Violin with Case and Bow
2926	Merano 4/4 BLACK Ebony Fitted Electric Silence Violin - Style I
4481	Cremona SV-75 Premier Novice Series Violin Outfit Level 2 4/4 Outfit 190839078117
4481	Merano MV400DBL 1/10 Size Hand Made Solid Wood Ebony Fitted Blue Violin with Case and Bow
2926	4/4 Electric Violin Full Size Wood Silent Fiddle Fittings Headphone with Case Jujube Red
4481	Knilling 110VN Sebastian Series Violin Outfit 3/4
4481	Merano 4/4 BLACK Ebony Fitted Electric Silence Violin - Style II
4481	Sunflower Delight Green Super Deluxe  Violin Package 4/4, Swarovski Mute, Stand,  Case, Bow, Teacher
4481	Cremona SV-500 Series Violin Outfit 3/4 Size
4481	Etude Student Series Violin Outfit Level 2 1/4 Size 190839092168
4481	Merano MV300RD 1/10 Size Red Violin with Case and Bow
2444	Zildjian ZILDJIAN SDWBZB1 RETRACTABLE WIRE BRUSHES
4481	Costway Full Size 4/4 Natural Acoustic Violin Fiddle with Case Bow
4481	Merano MV300PK 1/8 Size Pink Violin with Case and Bow
4481	Merano MV300SV 1/8 Size Silver Violin with Case and Bow
2444	Meinl Bass Cajon Brush
2926	Wood Violins 6-String Fretted Viper Electric Violin Blue Burl Exotic Top
4481	Bellafina Prodigy Series Violin Outfit 1/4 Size
4481	Butterfly Dream Lavender Super Deluxe 1/4 Violin Package, Swarovski Mute, Stand, Case, Bow, Teacher Endorsed! Free US Shipping
4481	Cremona SV-130 Violin Outfit 1/4 Size
2926	Palatino VN350 Campus Violin Outfit
2444	Peavey Electronics 03013240 Iron Man Rockmaster Guitar
4481	Merano MV400SV 1/4 Size Hand Made Solid Wood Ebony Fitted Silver Violin with Case and Bow
4481	Ren Wei Shi Academy Series Violin Outfit 1/2
4481	Merano MV400WT 1/10 Size Hand Made Solid Wood Ebony Fitted White Violin with Case and Bow
2444	Ultimate Support JSAG75 A Frame Wire Guitar Stand
2444	PROMARK TB4 Telescope Brushes
4481	Cremona SV-75BK Premier Novice Series Sparkling Black Violin Outfit Level 2 4/4 Outfit 190839187260
4481	Ren Wei Shi Artist Model 2 Violin With Arcolla Bow and Bellafina Euro Case
4481	Merano MV100 1/8 Size Student Violin with Case and Bow
2926	NS Design NXTa Active Series 4-String Electric Violin in Black 4/4
4481	Merano MV300PK 1/16 Size Pink Violin with Case and Bow
4481	Merano MV350 1/8 Size Boxwood Violin with Case and Bow
4481	Cremona SV-75 Premier Novice Series Violin Outfit Level 2 1/4 Outfit 190839121202
2444	Ultimate Support 76 Key Piano Bag Green Room
4481	Merano MV400PK 4/4 Size Hand Made Solid Wood Ebony Fitted Pink Violin with Case and Bow
4481	Karl Willhelm 22 Violin Outfit 1/2 Size
4481	Karl Willhelm Model 44 Violin Level 2 Regular 888366019658
4481	Merano MV400BL 1/8 Size Hand Made Solid Wood Ebony Fitted Blue Violin with Case and Bow
4481	Merano MV300BL 1/8 Size Blue Violin with Case and Bow
4481	Cremona SV-75BK Premier Novice Series Sparkling Black Violin Outfit Level 2 4/4 Outfit 888366038956
4481	Merano MV100 4/4 Size Student Violin with Case and Bow
4481	Bellafina Rainbow Series Rose Violin Outfit 1/4 Size
4481	Child Student Size 3/4 Good Sound Stradivari 1721 Copy Violin Fiddle w/ Case Bow
4481	Yamaha Standard Model AV5 violin outfit 1/2 Size Abs Case
4481	BNF HHVIOLIN2 Maxam High Gloss Lacquered Finish Violin
4481	Merano MV350 1/4 Size Boxwood Violin with Case and Bow
4481	Bellafina Prelude Series Violin Outfit Level 2 4/4 Size 190839132789
4481	Merano MV300BL 1/4 Size Blue Violin with Case and Bow
2444	Innovative Percussion Wire Brush with Fixed Wood Handle Medium
4481	Emedia My Violin Starter Pack 1/8 Size
2444	Ultimate Support JSSLD200 Jamstands Regular Wall Steel Chrome Slide For Most Electric Guitars - Medium
4481	Cremona SV-130 Violin Outfit 1/2 Size
4481	Cremona SV-500 Series Violin Outfit 1/2 Size
4481	Merano MV400BK 3/4 Size Hand Made Solid Wood Ebony Fitted Black Violin with Case and Bow
2926	NS Design WAV 4 Electric Violin Red
4481	Merano MV300GR 1/8 Size Green Violin with Case and Bow
4481	Merano MV300GR 1/4 Size Green Violin with Case and Bow
4481	Cremona SV-500 Series Violin Outfit 4/4 Size
